{"cameraMode":{"drawMode":0,"name":"Shaded","section":"Shading Mode"},"sceneLighting":false,"audioPlay":false,"sceneViewState":{"m_AlwaysRefresh":false,"showFog":true,"showSkybox":false,"showFlares":true,"showImageEffects":true,"showParticleSystems":true,"showVisualEffectGraphs":true,"m_FxEnabled":true},"in2DMode":false,"pivot":{"x":-0.09580863267183304,"y":0.08920448273420334,"z":0.45935630798339846},"rotation":{"x":0.2748505771160126,"y":0.6147839426994324,"z":-0.24219399690628053,"w":0.6986973881721497},"size":2.6371147632598879,"orthographic":false}