{"cameraMode":{"drawMode":0,"name":"Shaded","section":"Shading Mode"},"sceneLighting":false,"audioPlay":false,"sceneViewState":{"m_AlwaysRefresh":false,"showFog":true,"showSkybox":false,"showFlares":true,"showImageEffects":true,"showParticleSystems":true,"showVisualEffectGraphs":true,"m_FxEnabled":true},"in2DMode":false,"pivot":{"x":0.06049688160419464,"y":0.03988449275493622,"z":0.8333224058151245},"rotation":{"x":0.6749295592308044,"y":-0.03977452963590622,"z":0.03648186847567558,"w":0.7359130382537842},"size":1.4617654085159302,"orthographic":false}